USE web;

INSERT INTO users (user_id, username, password_hash, role, email, status) VALUES
(1, 'admin', '$2y$10$yhk8nOBkBLfpQOKjaqfHTe/uiuKQJ9i.Qdwm5VMU825MxlkRqxtQu', 'Admin', 'admin@mhshop.vn', 'Active'),
(2,  'customer01', '$2y$10$yhk8nOBkBLfpQOKjaqfHTe/uiuKQJ9i.Qdwm5VMU825MxlkRqxtQu', 'Customer', 'an.nguyen@gmail.com', 'Active'),
(3,  'customer02', '$2y$10$yhk8nOBkBLfpQOKjaqfHTe/uiuKQJ9i.Qdwm5VMU825MxlkRqxtQu', 'Customer', 'bich.tran@gmail.com', 'Active'),
(4,  'customer03', '$2y$10$yhk8nOBkBLfpQOKjaqfHTe/uiuKQJ9i.Qdwm5VMU825MxlkRqxtQu', 'Customer', 'dung.le@gmail.com', 'Active'),
(5,  'customer04', '$2y$10$yhk8nOBkBLfpQOKjaqfHTe/uiuKQJ9i.Qdwm5VMU825MxlkRqxtQu', 'Customer', 'ha.pham@gmail.com', 'Active'),
(6,  'customer05', '$2y$10$yhk8nOBkBLfpQOKjaqfHTe/uiuKQJ9i.Qdwm5VMU825MxlkRqxtQu', 'Customer', 'tuan.hoang@gmail.com', 'Active'),
(7,  'customer06', '$2y$10$yhk8nOBkBLfpQOKjaqfHTe/uiuKQJ9i.Qdwm5VMU825MxlkRqxtQu', 'Customer', 'lan.vu@gmail.com', 'Active'),
(8,  'customer07', '$2y$10$yhk8nOBkBLfpQOKjaqfHTe/uiuKQJ9i.Qdwm5VMU825MxlkRqxtQu', 'Customer', 'bao.dang@gmail.com', 'Active'),
(9,  'customer08', '$2y$10$yhk8nOBkBLfpQOKjaqfHTe/uiuKQJ9i.Qdwm5VMU825MxlkRqxtQu', 'Customer', 'giang.bui@gmail.com', 'Active'),
(10, 'customer09', '$2y$10$yhk8nOBkBLfpQOKjaqfHTe/uiuKQJ9i.Qdwm5VMU825MxlkRqxtQu', 'Customer', 'huyen.ngo@gmail.com', 'Active'),
(11, 'customer10', '$2y$10$yhk8nOBkBLfpQOKjaqfHTe/uiuKQJ9i.Qdwm5VMU825MxlkRqxtQu', 'Customer', 'khoa.do@gmail.com', 'Active'),
(12, 'customer11', '$2y$10$yhk8nOBkBLfpQOKjaqfHTe/uiuKQJ9i.Qdwm5VMU825MxlkRqxtQu', 'Customer', 'mai.ly@gmail.com', 'Active'),
(13, 'customer12', '$2y$10$yhk8nOBkBLfpQOKjaqfHTe/uiuKQJ9i.Qdwm5VMU825MxlkRqxtQu', 'Customer', 'nam.trinh@gmail.com', 'Active'),
(14, 'customer13', '$2y$10$yhk8nOBkBLfpQOKjaqfHTe/uiuKQJ9i.Qdwm5VMU825MxlkRqxtQu', 'Customer', 'linh.phan@gmail.com', 'Active'),
(15, 'customer14', '$2y$10$yhk8nOBkBLfpQOKjaqfHTe/uiuKQJ9i.Qdwm5VMU825MxlkRqxtQu', 'Customer', 'minh.ho@gmail.com', 'Active'),
(16, 'customer15', '$2y$10$yhk8nOBkBLfpQOKjaqfHTe/uiuKQJ9i.Qdwm5VMU825MxlkRqxtQu', 'Customer', 'ngoc.duong@gmail.com', 'Active'),
(17, 'customer16', '$2y$10$yhk8nOBkBLfpQOKjaqfHTe/uiuKQJ9i.Qdwm5VMU825MxlkRqxtQu', 'Customer', 'phong.mai@gmail.com', 'Active'),
(18, 'customer17', '$2y$10$yhk8nOBkBLfpQOKjaqfHTe/uiuKQJ9i.Qdwm5VMU825MxlkRqxtQu', 'Customer', 'quan.to@gmail.com', 'Active'),
(19, 'customer18', '$2y$10$yhk8nOBkBLfpQOKjaqfHTe/uiuKQJ9i.Qdwm5VMU825MxlkRqxtQu', 'Customer', 'thanh.chu@gmail.com', 'Active'),
(20, 'customer19', '$2y$10$yhk8nOBkBLfpQOKjaqfHTe/uiuKQJ9i.Qdwm5VMU825MxlkRqxtQu', 'Customer', 'uyen.lam@gmail.com', 'Active'),
(21, 'customer20', '$2y$10$yhk8nOBkBLfpQOKjaqfHTe/uiuKQJ9i.Qdwm5VMU825MxlkRqxtQu', 'Customer', 'vinh.dinh@gmail.com', 'Active'),
(22, 'customer21', '$2y$10$yhk8nOBkBLfpQOKjaqfHTe/uiuKQJ9i.Qdwm5VMU825MxlkRqxtQu', 'Customer', 'yen.cao@gmail.com', 'Active'),
(23, 'customer22', '$2y$10$yhk8nOBkBLfpQOKjaqfHTe/uiuKQJ9i.Qdwm5VMU825MxlkRqxtQu', 'Customer', 'long.nguyen2@gmail.com', 'Active'),
(24, 'customer23', '$2y$10$yhk8nOBkBLfpQOKjaqfHTe/uiuKQJ9i.Qdwm5VMU825MxlkRqxtQu', 'Customer', 'vy.tran@gmail.com', 'Active'),
(25, 'customer24', '$2y$10$yhk8nOBkBLfpQOKjaqfHTe/uiuKQJ9i.Qdwm5VMU825MxlkRqxtQu', 'Customer', 'anh.le@gmail.com', 'Active'),
(26, 'customer25', '$2y$10$yhk8nOBkBLfpQOKjaqfHTe/uiuKQJ9i.Qdwm5VMU825MxlkRqxtQu', 'Customer', 'huy.pham@gmail.com', 'Active');

INSERT INTO customers (customer_id, user_id, customer_name, phone, address) VALUES
(1, 2, 'Nguyễn Văn An', '0901234567', '12 Lê Lợi, Q1, TP.HCM'),
(2, 3, 'Trần Thị Bích', '0912345678', '45 Trần Phú, Hà Đông, HN'),
(3, 4, 'Lê Hoàng Dũng', '0923456789', '78 Nguyễn Huệ, Q1, TP.HCM'),
(4, 5, 'Phạm Ngọc Hà', '0934567890', '23 Bà Triệu, Hoàn Kiếm, HN'),
(5, 6, 'Hoàng Minh Tuấn', '0945678901', '56 Điện Biên Phủ, Q3, TP.HCM'),
(6, 7, 'Vũ Thị Lan', '0956789012', '89 Kim Mã, Ba Đình, HN'),
(7, 8, 'Đặng Quốc Bảo', '0967890123', '34 Hai Bà Trưng, Q1, TP.HCM'),
(8, 9, 'Bùi Hương Giang', '0978901234', '67 Cầu Giấy, HN'),
(9, 10, 'Ngô Thanh Huyền', '0989012345', '12 Nguyễn Trãi, Thanh Xuân, HN'),
(10, 11, 'Đỗ Minh Khoa', '0990123456', '45 Lý Tự Trọng, Q1, TP.HCM'),
(11, 12, 'Lý Thị Mai', '0911223344', '78 Phố Huế, Hai Bà Trưng, HN'),
(12, 13, 'Trịnh Đức Nam', '0922334455', '23 Võ Văn Tần, Q3, TP.HCM'),
(13, 14, 'Phan Thùy Linh', '0933445566', '56 Thái Hà, Đống Đa, HN'),
(14, 15, 'Hồ Quang Minh', '0944556677', '89 Pasteur, Q1, TP.HCM'),
(15, 16, 'Dương Thị Ngọc', '0955667788', '12 Xuân Thủy, Cầu Giấy, HN'),
(16, 17, 'Mai Văn Phong', '0966778899', '34 Lê Duẩn, Q1, TP.HCM'),
(17, 18, 'Tô Hải Quân', '0977889900', '67 Giải Phóng, Hoàng Mai, HN'),
(18, 19, 'Chu Thị Thanh', '0988990011', '45 Nguyễn Văn Cừ, Q5, TP.HCM'),
(19, 20, 'Lâm Bảo Uyên', '0999001122', '78 Láng Hạ, Đống Đa, HN'),
(20, 21, 'Đinh Công Vinh', '0900112233', '23 Cách Mạng T8, Q3, TP.HCM'),
(21, 22, 'Cao Thị Yến', '0911334455', '56 Trường Chinh, Thanh Xuân, HN'),
(22, 23, 'Nguyễn Hải Long', '0922445566', '89 Nguyễn Thị Minh Khai, Q1, TP.HCM'),
(23, 24, 'Trần Khánh Vy', '0933556677', '12 Hoàng Quốc Việt, Cầu Giấy, HN'),
(24, 25, 'Lê Phương Anh', '0944667788', '34 Nam Kỳ Khởi Nghĩa, Q1, TP.HCM'),
(25, 26, 'Phạm Đức Huy', '0955778899', '67 Đội Cấn, Ba Đình, HN');

INSERT INTO categories (category_id, category_name, description, status) VALUES
(1, 'Áo Thun', 'Áo thun nam nữ các loại', 'Active'),
(2, 'Áo Sơ Mi', 'Áo sơ mi công sở và casual', 'Active'),
(3, 'Quần Jeans', 'Quần jeans nam nữ các form', 'Active'),
(4, 'Đầm', 'Đầm váy nữ thanh lịch', 'Active'),
(5, 'Áo Khoác', 'Áo khoác nhẹ và ấm áp', 'Active'),
(6, 'Phụ Kiện', 'Túi xách, mũ, thắt lưng', 'Active');

INSERT INTO suppliers (supplier_id, supplier_name, phone, email, address, status) VALUES
(1, 'Công ty TNHH Dệt May Việt Tiến', '02838123456', 'viettien@supplier.vn', 'TP. Hồ Chí Minh', 'Active'),
(2, 'Công ty CP Thời Trang Ninomaxx', '02421234567', 'ninomaxx@supplier.vn', 'Hà Nội', 'Active'),
(3, 'Nhà Cung Cấp Vải Cao Cấp Alpha', '0901234567', 'alpha@supplier.vn', 'Bình Dương', 'Active'),
(4, 'Công ty May Mặc Hà Thành', '02438765432', 'hathanh@supplier.vn', 'Hà Nội', 'Active'),
(5, 'Xưởng May Sài Gòn Fashion', '02839876543', 'sgfashion@supplier.vn', 'TP. Hồ Chí Minh', 'Active'),
(6, 'Công ty Phụ Kiện Thời Trang VN', '0912345678', 'accessory@supplier.vn', 'Đà Nẵng', 'Active');

INSERT INTO products (product_id, product_name, category_id, supplier_id, unit_price, old_price, stock_quantity, description, status) VALUES
(1, 'Áo Thun Trắng Classic', 1, 1, 299000, NULL, 50, 'Áo thun trắng cổ điển 100% cotton cao cấp.', 'Active'),
(2, 'Áo Thun Oversize Basic', 1, 1, 259000, 320000, 35, 'Áo thun oversize form rộng thoải mái.', 'Active'),
(3, 'Áo Thun Polo Nam', 1, 2, 349000, NULL, 28, 'Áo polo nam cổ bẻ thanh lịch.', 'Active'),
(4, 'Áo Thun Cổ Tròn Unisex', 1, 1, 199000, NULL, 60, 'Áo thun cổ tròn basic unisex.', 'Active'),
(5, 'Áo Thun In Họa Tiết', 1, 2, 279000, NULL, 40, 'Áo thun in họa tiết graphic trendy.', 'Active'),
(6, 'Áo Hoodie Graphic', 1, 3, 499000, 650000, 25, 'Áo hoodie graphic nỉ bông dày dặn.', 'Active'),
(7, 'Áo Thun Thể Thao Dry-Fit', 1, 2, 329000, NULL, 45, 'Áo thun thể thao Dry-Fit thấm hút nhanh.', 'Active'),
(8, 'Áo Thun Cổ V Nam', 1, 1, 269000, 340000, 38, 'Áo thun cổ V nam tính.', 'Active'),
(9, 'Áo Thun Sọc Ngang', 1, 3, 289000, NULL, 30, 'Áo thun sọc ngang Breton cổ điển.', 'Active'),
(10, 'Áo Thun Tay Dài', 1, 2, 319000, NULL, 32, 'Áo thun tay dài minimalist.', 'Active'),
(11, 'Áo Sơ Mi Linen', 2, 2, 399000, NULL, 40, 'Áo sơ mi linen cao cấp.', 'Active'),
(12, 'Áo Sơ Mi Oxford', 2, 1, 429000, NULL, 25, 'Áo sơ mi Oxford dệt vải đặc trưng.', 'Active'),
(13, 'Áo Sơ Mi Kẻ Sọc', 2, 4, 379000, 450000, 35, 'Áo sơ mi kẻ sọc nhỏ sang trọng.', 'Active'),
(14, 'Áo Sơ Mi Trắng Slim Fit', 2, 1, 359000, NULL, 42, 'Áo sơ mi trắng slim fit tôn dáng.', 'Active'),
(15, 'Áo Sơ Mi Caro Flannel', 2, 4, 449000, NULL, 20, 'Áo sơ mi caro flannel cotton.', 'Active'),
(16, 'Áo Sơ Mi Denim', 2, 3, 469000, 550000, 28, 'Áo sơ mi denim wash nhẹ.', 'Active'),
(17, 'Áo Sơ Mi Hawaii', 2, 5, 339000, NULL, 33, 'Áo sơ mi ngắn tay họa tiết Hawaii.', 'Active'),
(18, 'Áo Sơ Mi Đen Công Sở', 2, 1, 389000, NULL, 30, 'Áo sơ mi đen regular fit.', 'Active'),
(19, 'Áo Sơ Mi Lụa Nữ', 2, 5, 459000, NULL, 22, 'Áo sơ mi lụa nữ satin mềm mịn.', 'Active'),
(20, 'Áo Sơ Mi Bamboo', 2, 4, 419000, 490000, 26, 'Áo sơ mi sợi bamboo tự nhiên.', 'Active'),
(21, 'Quần Jeans Slim Fit', 3, 3, 549000, NULL, 45, 'Quần jeans slim fit denim co giãn.', 'Active'),
(22, 'Quần Jeans Skinny Nam', 3, 3, 499000, 620000, 30, 'Quần jeans skinny ôm sát.', 'Active'),
(23, 'Quần Jeans Straight Leg', 3, 5, 579000, NULL, 35, 'Quần jeans ống đứng cổ điển.', 'Active'),
(24, 'Quần Jeans Rách Gối', 3, 3, 459000, NULL, 28, 'Quần jeans rách gối cá tính.', 'Active'),
(25, 'Quần Jeans Baggy Nữ', 3, 2, 519000, NULL, 30, 'Quần jeans baggy nữ ống rộng.', 'Active'),
(26, 'Quần Jeans Đen Basic', 3, 3, 489000, NULL, 40, 'Quần jeans đen basic.', 'Active'),
(27, 'Quần Jeans Boyfriend', 3, 2, 539000, 650000, 22, 'Quần jeans boyfriend form rộng.', 'Active'),
(28, 'Quần Jeans Jogger', 3, 5, 479000, NULL, 25, 'Quần jeans jogger bo chun gấu.', 'Active'),
(29, 'Quần Jeans Cạp Cao Nữ', 3, 2, 529000, NULL, 32, 'Quần jeans cạp cao nữ form slim.', 'Active'),
(30, 'Quần Short Jeans', 3, 3, 349000, 420000, 38, 'Quần short jeans mùa hè.', 'Active'),
(31, 'Đầm Hoa Mùa Hè', 4, 1, 459000, NULL, 20, 'Đầm hoa nhẹ nhàng tươi sáng.', 'Active'),
(32, 'Đầm Midi Xếp Ly', 4, 2, 529000, NULL, 15, 'Đầm midi xếp ly chiffon.', 'Active'),
(33, 'Đầm Suông Công Sở', 4, 4, 479000, 580000, 25, 'Đầm suông công sở.', 'Active'),
(34, 'Đầm Maxi Đi Biển', 4, 5, 399000, NULL, 18, 'Đầm maxi dài rayon mềm mại.', 'Active'),
(35, 'Đầm Bodycon Dự Tiệc', 4, 5, 559000, NULL, 14, 'Đầm bodycon co giãn tốt.', 'Active'),
(36, 'Đầm Babydoll Caro', 4, 4, 429000, NULL, 20, 'Đầm babydoll caro cotton.', 'Active'),
(37, 'Đầm Hai Dây Lụa', 4, 5, 489000, 590000, 16, 'Đầm hai dây lụa satin.', 'Active'),
(38, 'Đầm Denim Casual', 4, 3, 449000, NULL, 22, 'Đầm denim casual năng động.', 'Active'),
(39, 'Đầm Len Mùa Đông', 4, 4, 599000, NULL, 12, 'Đầm len dệt kim ấm áp.', 'Active'),
(40, 'Đầm Wrap Chấm Bi', 4, 5, 469000, NULL, 18, 'Đầm wrap đắp chéo retro.', 'Active'),
(41, 'Áo Khoác Denim', 5, 3, 799000, 950000, 20, 'Áo khoác denim vintage.', 'Active'),
(42, 'Áo Khoác Trench', 5, 1, 1290000, NULL, 10, 'Trench coat dáng dài cao cấp.', 'Active'),
(43, 'Áo Khoác Bomber', 5, 4, 699000, NULL, 18, 'Bomber nylon chống nước nhẹ.', 'Active'),
(44, 'Áo Khoác Gió Nhẹ', 5, 2, 449000, 550000, 30, 'Áo khoác gió siêu nhẹ.', 'Active'),
(45, 'Áo Khoác Blazer Nam', 5, 1, 899000, NULL, 15, 'Blazer slim fit thanh lịch.', 'Active'),
(46, 'Áo Khoác Cardigan Len', 5, 4, 549000, NULL, 20, 'Cardigan len dệt kim.', 'Active'),
(47, 'Áo Khoác Parka', 5, 1, 1190000, 1490000, 8, 'Parka dáng dài lót bông dày.', 'Active'),
(48, 'Áo Khoác Da PU', 5, 3, 849000, NULL, 12, 'Áo khoác da PU biker.', 'Active'),
(49, 'Áo Khoác Vest Nữ', 5, 5, 659000, NULL, 16, 'Vest nữ oversized tweed.', 'Active'),
(50, 'Áo Khoác Hoodie Zip', 5, 2, 429000, NULL, 25, 'Hoodie zip nỉ cotton.', 'Active'),
(51, 'Túi Đeo Chéo Da', 6, 6, 359000, NULL, 40, 'Túi đeo chéo da PU nhỏ gọn.', 'Active'),
(52, 'Ba Lô Thời Trang', 6, 6, 489000, 590000, 25, 'Ba lô Oxford chống nước.', 'Active'),
(53, 'Mũ Bucket Hat', 6, 6, 179000, NULL, 50, 'Bucket hat cotton nhẹ.', 'Active'),
(54, 'Kính Mát Tròn Retro', 6, 6, 249000, NULL, 35, 'Kính mát retro UV400.', 'Active'),
(55, 'Thắt Lưng Da Bò', 6, 6, 299000, 380000, 30, 'Thắt lưng da bò thật.', 'Active'),
(56, 'Khăn Quàng Cổ Cashmere', 6, 6, 399000, NULL, 20, 'Khăn cashmere pha mềm mịn.', 'Active'),
(57, 'Ví Da Nam Compact', 6, 6, 279000, NULL, 45, 'Ví da PU compact nhỏ gọn.', 'Active'),
(58, 'Mũ Lưỡi Trai Snapback', 6, 6, 199000, NULL, 40, 'Snapback streetwear thêu logo.', 'Active'),
(59, 'Tất/Vớ Cotton Set 5 Đôi', 6, 6, 129000, 180000, 60, 'Set 5 đôi tất cotton.', 'Active'),
(60, 'Túi Tote Canvas', 6, 6, 229000, NULL, 35, 'Tote canvas minimalist.', 'Active');
